{
  "iterations": [
    0,
    1,
    2,
    3,
    4,
    5,
    6,
    7,
    8,
    9,
    10,
    11,
    12,
    13,
    14,
    15,
    16,
    17,
    18,
    19,
    20,
    21,
    22,
    23,
    24,
    25
  ],
  "total_loss": [
    2.3400265892112952,
    2.245066866129637,
    2.2486969503760337,
    2.2591180442361267,
    2.2429098289153155,
    2.239190306812525,
    2.2213327836990358,
    2.2109211862788483,
    2.236528941182529,
    2.2357134883544028,
    2.214948376487283,
    2.220074041590971,
    2.20828115196789,
    2.2353556795681224,
    2.2794496503297026,
    2.262781252300038,
    2.2476451522111893,
    2.2380002239346504,
    2.2190276061787326,
    2.226505511788761,
    2.0287809972961743,
    1.981244375705719,
    1.9615659880638123,
    1.9982112713654836,
    1.9652811027490174,
    2.0158592896278087
  ],
  "policy_loss": [
    1.8980702288010542,
    1.8887065732479096,
    1.8920519360154868,
    1.8868953165587257,
    1.8863579243070938,
    1.8891495124995707,
    1.8833121751336492,
    1.884717301340664,
    1.889909147655263,
    1.8876529994431663,
    1.88311558302711,
    1.883920941072352,
    1.8833691429390624,
    1.8902001916660978,
    1.8904846758000988,
    1.8909388891388383,
    1.887120052948594,
    1.8877109578996896,
    1.8905060569679035,
    1.8888594462591057,
    1.9073737768332162,
    1.8981585978544675,
    1.90273878629391,
    1.9020118990540504,
    1.9005668887725244,
    1.9043100969608013
  ],
  "value_loss": [
    0.22097817982601772,
    0.17818014809396118,
    0.17832250721752643,
    0.18611136438653747,
    0.17827595155686132,
    0.17502039772458375,
    0.16901030456318572,
    0.16310194176347817,
    0.17330989612814257,
    0.1740302459983265,
    0.16591639765483493,
    0.1680765488524647,
    0.16245600490009082,
    0.17257774466319997,
    0.1944824867471261,
    0.1859211819180671,
    0.1802625484811142,
    0.17514463181607426,
    0.16426077374640635,
    0.16882303448284375,
    0.0607036090871164,
    0.04154288856321587,
    0.029413601354539288,
    0.048099685335764655,
    0.03235710806122518,
    0.055774596937408195
  ],
  "eval_win_rate": [],
  "eval_wins": [],
  "eval_losses": [],
  "eval_draws": []
}