{
  "iterations": [
    0,
    1,
    2,
    3,
    4,
    5,
    6,
    7,
    8,
    9,
    10,
    11,
    12,
    13
  ],
  "total_loss": [
    1.977800805038876,
    1.71422668033176,
    1.624373526043362,
    1.6223221845097011,
    1.4744298140207925,
    1.487778819931878,
    1.4031572262446086,
    1.5475365930133396,
    1.6108653174506293,
    1.3100984639591642,
    1.3916379239824084,
    1.4788818624284532,
    1.4933902899424234,
    1.3997920327716404
  ],
  "policy_loss": [
    1.8345850361718072,
    1.5644228882259792,
    1.4393685632281834,
    1.427871553103129,
    1.304757210943434,
    1.3766704850726657,
    1.2483831736776563,
    1.3468657241927253,
    1.3842391808827719,
    1.226092553138733,
    1.231301556693183,
    1.2331853667894999,
    1.2590929004881117,
    1.2426721652348836
  ],
  "value_loss": [
    0.14321576903263727,
    0.14980378705594274,
    0.18500495702028275,
    0.19445063008202446,
    0.16967260622315936,
    0.11110832898153199,
    0.15477405546440018,
    0.20067087130414116,
    0.2266261421971851,
    0.08400591584957308,
    0.16033636430899303,
    0.24569649381770028,
    0.23429738432168962,
    0.15711986497044564
  ],
  "eval_win_rate": [],
  "eval_wins": [],
  "eval_losses": [],
  "eval_draws": []
}